{
  "val": {
    "split": "val",
    "auc_roc": 0.9999854026482972,
    "auc_pr": 0.9999963073070769,
    "f1_at_threshold": 0.9992286496089865,
    "threshold": 0.09470859036828719,
    "precision_at_10pct": 1.0,
    "recall_at_10pct": 0.12553521697726241,
    "baseline_positive_rate": 0.7965892154240073
  },
  "test": {
    "split": "test",
    "auc_roc": 0.9999845696324994,
    "auc_pr": 0.9999958340726625,
    "f1_at_threshold": 0.9992498288976626,
    "threshold": 0.09470859036828719,
    "precision_at_10pct": 1.0,
    "recall_at_10pct": 0.12743875712268057,
    "baseline_positive_rate": 0.7846906408835557
  },
  "optimal_threshold": 0.09470859036828719
}