{
  "val": {
    "split": "val",
    "auc_roc": 0.936383264044576,
    "auc_pr": 0.9844853153794874,
    "f1_at_threshold": 0.9189478203998732,
    "threshold": 0.16825107834178116,
    "precision_at_10pct": 1.0,
    "recall_at_10pct": 0.12553521697726241,
    "baseline_positive_rate": 0.7965892154240073
  },
  "test": {
    "split": "test",
    "auc_roc": 0.9498048704846858,
    "auc_pr": 0.986886489596241,
    "f1_at_threshold": 0.9254645103133281,
    "threshold": 0.16825107834178116,
    "precision_at_10pct": 1.0,
    "recall_at_10pct": 0.12743875712268057,
    "baseline_positive_rate": 0.7846906408835557
  },
  "optimal_threshold": 0.16825107834178116
}