{
  "val": {
    "split": "val",
    "rmse": 0.11298454294618293,
    "mae": 0.05712428273777698,
    "pearson_r": 0.739141533095,
    "spearman_rho": 0.6277687531826146,
    "r2": 0.5451322955749076
  },
  "test": {
    "split": "test",
    "rmse": 0.1087088471296907,
    "mae": 0.05475015578104983,
    "pearson_r": 0.7364324228758089,
    "spearman_rho": 0.5833146785344815,
    "r2": 0.5316666493773217
  }
}