{
  "val": {
    "split": "val",
    "rmse": 0.10050136826461455,
    "mae": 0.04796316810475429,
    "pearson_r": 0.8007006737911857,
    "spearman_rho": 0.6547163375361241,
    "r2": 0.6400924263635261
  },
  "test": {
    "split": "test",
    "rmse": 0.08871458505077721,
    "mae": 0.042412549514652315,
    "pearson_r": 0.8345883000896965,
    "spearman_rho": 0.6272853809961036,
    "r2": 0.6881000130470906
  }
}