{
  "val": {
    "split": "val",
    "auc_roc": 0.9999727847745848,
    "auc_pr": 0.9999931142703394,
    "f1_at_threshold": 0.9989192223678987,
    "threshold": 0.13354070039131438,
    "precision_at_10pct": 1.0,
    "recall_at_10pct": 0.12553521697726241,
    "baseline_positive_rate": 0.7965892154240073
  },
  "test": {
    "split": "test",
    "auc_roc": 0.9999618395920187,
    "auc_pr": 0.9999897827449424,
    "f1_at_threshold": 0.9988296829427202,
    "threshold": 0.13354070039131438,
    "precision_at_10pct": 1.0,
    "recall_at_10pct": 0.12743875712268057,
    "baseline_positive_rate": 0.7846906408835557
  },
  "optimal_threshold": 0.13354070039131438
}