{
  "val": {
    "split": "val",
    "rmse": 0.10062761342567214,
    "mae": 0.047433031089049844,
    "pearson_r": 0.8001413618118486,
    "spearman_rho": 0.6544852654204086,
    "r2": 0.6391876600294217
  },
  "test": {
    "split": "test",
    "rmse": 0.08863300790632794,
    "mae": 0.041687589725622136,
    "pearson_r": 0.8343757257459432,
    "spearman_rho": 0.6268623008149905,
    "r2": 0.6886733621046663
  }
}