{
  "val": {
    "split": "val",
    "rmse": 0.10060769177323374,
    "mae": 0.04734657889051705,
    "pearson_r": 0.800285673194625,
    "spearman_rho": 0.6542514475978043,
    "r2": 0.6393305088215431
  },
  "test": {
    "split": "test",
    "rmse": 0.08836200297001631,
    "mae": 0.041405584688296304,
    "pearson_r": 0.8351388207421051,
    "spearman_rho": 0.6268678623157391,
    "r2": 0.6905742807552901
  }
}