model,auc_roc,auc_pr,f1
churn_v1,0.9886612981322344,0.9969030123890104,0.9695884525586558
churn_v2,0.9999618395920187,0.9999897827449424,0.9988296829427202
