model,auc_roc,auc_pr,f1
churn_v1,0.9885863905650655,0.9968805676524571,0.9691800426166071
churn_v2,0.9999845696324994,0.9999958340726625,0.9992498288976626
