segment_id,segment_name,n_users,pct_users,mean_freedom_score,median_freedom_score,mean_churn_prob
0,Seg0_Inactive,3915,7.83,0.0002668823056758994,0.00022063296394669862,0.999971615502011
1,Seg1_Cluster,6273,12.55,0.07067209537213004,0.06144024269386428,0.47026545515524343
2,Seg2_Cluster,9340,18.68,0.21248205995323083,0.18608963696532577,0.20472519676430004
3,Seg3_Inactive,3996,7.99,0.00022100294381851456,0.0003179331064462332,0.9999671008963062
4,Seg4_Cluster,4751,9.5,0.25605648705905465,0.2162493650869468,0.2549721851992619
5,Seg5_Inactive,6916,13.83,0.0020603820776019977,0.00016739969863266424,0.9898729862451635
6,Seg6_Inactive,8271,16.54,0.0005827162913001149,0.0003840015766787275,0.9980958917669814
7,Seg7_Inactive,6538,13.08,0.0013113378988025815,0.00010766419275576311,0.9929478026420868
