segment_id,segment_name,n_users,pct_users,mean_freedom_score,median_freedom_score,mean_churn_prob
0,Seg0_Cluster,101061,19.31,0.05896710586289806,0.05089987503113669,0.6959893902488248
1,Seg1_Cluster,83367,15.93,0.23858660814544935,0.23425803113845411,0.13392180498136025
2,Seg2_Cluster,49378,9.44,0.28539525714652436,0.35115124475484594,0.4416341887138846
3,Seg3_Inactive,56469,10.79,0.0005410946909039611,0.000262234780904258,0.9994463805936312
4,Seg4_Inactive,36037,6.89,0.0003600130142146589,0.0003328103559425699,0.9999021973195239
5,Seg5_Inactive,102479,19.58,0.00021269312879503642,0.0001345218861814601,0.9998087860542836
6,Seg6_Inactive,41967,8.02,0.0003742744685007696,0.00016819001164947167,0.9991908927580202
7,Seg7_Inactive,52582,10.05,0.0005170809845283082,0.00017075805557364987,0.998225780671522
